Log,ac_flowrate,cp_pressure,cp_temperature,cp_flowrate,mixer_pressure,mixer_temperature_Funnel,mixer_motor_temperature_M2,mixer_motor_temperature_M1,mixer_torque_M2,mixer_torque_M1,mixer_speed_M2,mixer_speed_M1,Time
1,0.0,0.4761,23.9,1.5,0.0293,23.9,18.8,17.5,0.2643,0.0755,0.0,0.0,11:47:42.403
2,0.0,0.5762,25.4,1.5,0.0,25.3,18.8,17.9,0.3021,0.1133,0.0,0.0,11:47:42.659
3,0.0,0.4627,25.4,1.5,0.0,25.3,19.1,17.5,0.3021,0.0755,0.0,0.0,11:47:42.893
4,0.0,0.47,23.9,1.5,0.0012,23.9,18.8,17.7,0.3398,0.1133,0.0,0.0,11:47:43.151
5,0.0,0.4651,23.9,1.5,0.0,25.3,19.1,17.9,0.2266,0.0755,0.0,0.0,11:47:43.410
6,0.0,0.459,23.9,1.5,0.0,25.3,19.1,17.7,0.3398,0.0755,0.0,0.0,11:47:43.676
7,0.0,0.3674,23.9,1.5,0.0208,23.9,18.8,17.9,0.2266,0.0378,0.0,0.0,11:47:43.934
8,0.0,0.4309,23.9,1.5,0.0293,25.3,19.1,17.7,0.4154,0.1133,0.0,0.0,11:47:44.198
9,0.0,0.3833,25.4,1.5,0.0,25.3,18.8,17.7,0.2643,0.0755,0.0,0.0,11:47:44.471
10,0.0,0.4407,23.9,1.5,0.0,25.3,18.8,17.5,0.3021,0.1133,0.0,0.0,11:47:44.736
11,0.0,0.4871,23.9,1.5,0.0,25.3,19.1,17.7,0.3021,0.0755,0.0,0.0,11:47:44.996
12,0.0,0.4358,23.9,1.5,0.1038,23.9,19.3,17.9,0.2643,0.0378,0.0,0.0,11:47:45.254
13,0.0,0.4382,25.4,1.5,0.0586,23.8,18.8,17.9,0.151,0.151,0.0,0.0,11:47:45.483
14,0.0,0.4358,23.9,1.5,0.0354,23.9,19.3,17.9,0.4154,0.151,0.0,0.0,11:47:45.703
15,0.0,0.4492,25.4,1.5,0.0537,23.9,19.3,17.9,0.3776,0.0378,0.0,0.0,11:47:45.924
16,0.0,0.4285,23.9,1.5,0.0,23.9,19.5,17.9,0.1888,0.0755,0.0,0.0,11:47:46.144
17,0.0,0.3821,24.0,1.5,0.011,23.9,19.1,17.5,0.3398,0.0,0.0,0.0,11:47:46.365
18,0.0,0.5152,23.9,1.5,0.0,23.9,19.1,17.9,0.2643,0.0378,0.0,0.0,11:47:46.591
19,0.0,0.4212,23.9,1.5,0.0,23.9,19.3,17.7,0.151,0.0378,0.0,0.0,11:47:46.811
20,0.0,0.4761,23.9,1.5,0.0769,25.3,19.1,17.7,0.1888,0.1133,0.0,0.0,11:47:47.039
21,0.0,0.5054,23.9,1.5,0.0024,23.9,19.1,17.5,0.2643,0.0755,0.0,0.0,11:47:47.268
22,0.0,0.4883,25.4,1.5,0.0,23.9,19.1,17.5,0.2643,0.1133,0.0,0.0,11:47:47.495
23,0.0,0.4639,23.9,1.5,0.0,23.9,18.8,17.5,0.2266,0.0755,0.0,0.0,11:47:47.721
24,0.0,0.4822,23.9,1.5,0.0,23.9,18.8,17.5,0.2643,0.0378,0.0,0.0,11:47:47.953
25,0.0,0.4358,25.4,1.5,0.0,23.9,19.3,17.9,0.2643,0.1133,0.0,0.0,11:47:48.192
26,0.0,0.5078,25.4,1.5,0.0,25.3,19.1,17.9,0.3398,0.0755,0.0,0.0,11:47:48.433
27,0.0,0.4004,23.9,1.5,0.0,23.9,19.1,17.9,0.151,0.151,0.0,0.0,11:47:48.677
28,0.0,0.4627,25.4,1.5,0.0403,23.9,18.8,17.9,0.3776,0.0378,0.0,0.0,11:47:48.902
29,0.0,0.4834,23.9,1.5,0.0,23.9,18.6,17.9,0.4154,0.0,0.0,0.0,11:47:49.130
30,0.0,0.4358,25.4,1.5,0.0586,23.9,19.1,17.9,0.2266,0.0755,0.0,0.0,11:47:49.352
31,0.0,0.4456,23.9,1.5,0.0,25.3,19.1,17.9,0.3021,0.0,0.0,0.0,11:47:49.574
32,0.0,0.47,23.9,1.5,0.0916,23.9,19.1,17.9,0.2643,0.0755,0.0,0.0,11:47:49.796
33,0.0,0.4871,23.9,1.5,0.0586,23.9,19.3,17.9,0.3021,0.0378,0.0,0.0,11:47:50.044
34,0.0,0.5261,25.4,1.5,0.0,23.9,19.1,17.9,0.0755,0.0755,0.0,0.0,11:47:50.300
35,0.0,0.4639,23.9,1.5,0.0439,23.9,19.3,17.9,0.2643,0.0755,0.0,0.0,11:47:50.526
36,0.0,0.47,25.4,1.5,0.0,23.9,19.1,17.5,0.3776,0.0378,0.0,0.0,11:47:50.752
37,0.0,0.4639,23.9,1.5,0.0403,23.9,18.8,17.9,0.2643,0.0378,0.0,0.0,11:47:50.979
38,0.0,0.4395,23.9,1.5,0.0,23.9,19.1,17.5,0.2643,0.1133,0.0,0.0,11:47:51.209
39,0.0,0.47,23.9,1.5,0.1111,25.3,18.8,17.7,0.2643,0.0,0.0,0.0,11:47:51.434
40,0.0,0.4346,23.9,1.5,0.0562,23.9,19.3,18.2,0.3398,0.1888,0.0,0.0,11:47:51.654
41,0.0,0.4602,25.4,1.5,0.0,23.8,19.5,17.5,0.2266,0.3021,0.0,0.0,11:47:51.883
42,0.0,0.4785,23.9,1.5,0.0,23.9,19.1,17.7,0.2266,0.3398,0.0,0.0,11:47:52.118
43,0.0,0.4651,23.9,1.5,0.0,23.9,19.1,17.5,0.1888,0.4154,0.0,0.0,11:47:52.343
44,0.0,0.4248,25.4,1.5,0.0,25.3,19.5,17.7,0.4909,0.1888,0.0,0.0,11:47:52.570
45,0.0,0.4297,23.9,1.5,0.0,23.9,19.5,17.9,0.2266,0.5664,0.0,0.0,11:47:52.805
46,0.0,0.4407,23.9,1.5,0.0415,23.9,18.8,17.9,0.4154,0.151,0.0,0.0,11:47:53.030
47,0.0,0.3687,23.9,1.5,0.0,25.3,19.1,17.9,0.3398,0.0755,0.0,0.0,11:47:53.265
48,0.0,0.5029,24.0,1.5,0.0537,23.9,19.1,17.9,0.4909,0.0755,0.0,0.0,11:47:53.496
49,0.0,0.4553,23.9,1.5,0.0916,23.9,19.1,17.9,0.4909,0.0755,0.0,0.0,11:47:53.758
50,0.0,0.4077,23.9,1.5,0.1172,23.9,19.3,17.9,0.4154,0.0378,0.0,0.0,11:47:54.018
51,0.0,0.4871,23.9,1.5,0.0,23.9,19.3,17.9,0.3398,0.2266,0.0,0.0,11:47:54.277
52,0.0,0.5298,24.0,1.5,0.0208,23.9,19.1,17.7,0.2643,0.0,0.0,0.0,11:47:54.536
53,0.0,0.4407,25.4,1.5,0.0,23.9,19.1,18.4,0.151,0.1133,0.0,0.0,11:47:54.791
54,0.0,0.4688,23.9,1.5,0.0,25.3,18.6,18.2,0.3398,0.0755,0.0,0.0,11:47:55.015
55,0.0,0.4358,23.9,1.5,0.0,23.9,18.6,17.9,0.1133,0.0378,0.0,0.0,11:47:55.237
56,0.0,0.3931,25.4,1.5,0.0305,25.3,19.1,18.2,0.2643,0.0,0.0,0.0,11:47:55.467
57,0.0,0.3821,23.9,1.5,0.0464,23.9,18.8,17.9,0.3021,0.0378,0.0,0.0,11:47:55.691
58,0.0,0.3723,25.4,1.5,0.0,23.9,19.1,18.2,0.1133,0.0755,0.0,0.0,11:47:55.912
59,0.0,0.4028,23.9,1.5,0.0,23.9,19.1,17.9,0.3776,0.0378,0.0,0.0,11:47:56.138
60,0.0,0.4065,23.9,1.5,0.0122,23.9,19.1,18.2,0.2266,0.0378,0.0,0.0,11:47:56.400
61,0.0,0.4541,23.9,1.5,0.0208,23.9,18.6,17.7,0.2643,0.1133,0.0,0.0,11:47:56.661
62,0.0,0.3699,23.9,1.5,0.0012,23.9,19.1,17.9,0.2266,0.151,0.0,0.0,11:47:56.920
63,0.0,0.3931,23.9,1.5,0.0342,23.9,19.5,17.5,0.3776,0.1133,0.0,0.0,11:47:57.177
64,0.0,0.3455,23.9,1.5,0.0,23.9,18.8,17.5,0.3021,0.1133,0.0,0.0,11:47:57.413
65,0.0,0.4431,25.4,1.5,0.0,23.9,19.1,17.7,0.4154,0.0378,0.0,0.0,11:47:57.674
66,0.0,0.4724,25.4,1.5,0.0073,23.9,19.1,17.5,0.151,0.0378,0.0,0.0,11:47:57.912
67,0.0,0.4248,25.4,1.5,0.0464,25.3,19.1,17.5,0.3021,0.0378,0.0,0.0,11:47:58.177
68,0.0,0.4297,25.4,1.5,0.0012,25.3,18.6,18.4,0.3776,0.0378,0.0,0.0,11:47:58.444
69,0.0,0.4773,25.4,1.5,0.0842,25.3,19.1,18.2,0.2643,0.0755,0.0,0.0,11:47:58.702
70,0.0,0.5982,25.4,1.5,0.0,25.3,18.8,17.9,0.1888,0.151,0.0,0.0,11:47:58.964
71,0.0,0.4102,25.4,1.5,0.0891,25.3,19.3,17.9,0.4909,0.0755,0.0,0.0,11:47:59.228
72,0.0,0.5652,25.4,1.5,0.144,25.3,18.8,17.5,0.2643,0.1133,0.0,0.0,11:47:59.491
73,0.0,0.5383,25.4,1.5,0.1257,25.3,19.3,17.9,0.1888,0.0755,0.0,0.0,11:47:59.752
74,0.0,0.4492,24.0,1.5,0.0,25.3,19.1,17.9,0.4909,0.0755,0.0,0.0,11:48:00.011
75,0.0,0.4358,23.9,1.5,0.0171,23.9,18.6,18.2,0.3398,0.0755,0.0,0.0,11:48:00.262
76,0.0,0.4675,24.0,1.5,0.0,23.9,19.1,17.7,0.3398,0.0378,0.0,0.0,11:48:00.496
77,0.0,0.5017,23.9,1.5,0.0,25.3,19.3,17.9,0.4154,0.0755,0.0,0.0,11:48:00.726
78,0.0,0.4724,23.9,1.5,0.0696,23.9,19.3,17.9,0.1888,0.2643,0.0,0.0,11:48:00.959
79,0.0,0.448,25.4,1.5,0.061,23.9,18.8,17.9,0.2643,0.0755,0.0,0.0,11:48:01.187
80,0.0,0.4443,24.0,1.5,0.0,23.9,19.1,17.9,0.2266,0.0755,0.0,0.0,11:48:01.413
81,0.0,0.5237,24.0,1.5,0.0,23.8,19.1,17.5,0.4154,0.1888,0.0,0.0,11:48:01.648
82,0.0,0.4529,24.0,1.5,0.0,23.9,18.6,17.9,0.2266,0.0755,0.0,0.0,11:48:01.907
83,0.0,0.5957,23.9,1.5,0.0,23.9,19.5,17.9,0.3776,0.0378,0.0,0.0,11:48:02.170
84,0.0,0.4443,23.9,1.5,0.0,23.9,19.5,17.9,0.151,0.0755,0.0,0.0,11:48:02.431
85,0.0,0.4492,24.0,1.5,0.0537,23.9,18.8,17.9,0.2266,0.0755,0.0,0.0,11:48:02.701
86,0.0,0.4773,23.9,1.5,0.0,23.9,19.1,17.9,0.2643,0.0378,0.0,0.0,11:48:02.963
87,0.0,0.4431,24.0,1.5,0.0,23.9,19.1,17.5,0.2643,0.0755,0.0,0.0,11:48:03.225
88,0.0,0.459,24.0,1.5,0.0012,23.9,19.1,18.2,0.3776,0.0378,0.0,0.0,11:48:03.487
89,0.0,0.4492,24.0,1.5,0.0,23.9,19.1,17.3,0.2643,0.0755,0.0,0.0,11:48:03.754
90,0.0,0.459,23.9,1.5,0.0,23.9,18.8,17.9,0.2266,0.1133,0.0,0.0,11:48:04.016
91,0.0,0.4285,23.9,1.5,0.0,23.9,19.1,17.9,0.1888,0.0755,0.0,0.0,11:48:04.285
92,0.0,0.4773,24.0,1.5,0.0,23.9,19.3,17.9,0.1133,0.0378,0.0,0.0,11:48:04.550
93,0.0,0.4724,24.0,1.5,0.0,23.9,19.5,17.9,0.3021,0.0755,0.0,0.0,11:48:04.816
94,0.0,0.4382,25.4,1.5,0.0,23.9,19.1,17.7,0.3398,0.0378,0.0,0.0,11:48:05.058
95,0.0,0.4126,23.9,1.5,0.116,25.3,19.1,18.2,0.5286,0.0378,0.0,0.0,11:48:05.294
96,0.0,0.4224,23.9,1.5,0.0,23.9,19.1,17.5,0.4909,0.0378,0.0,0.0,11:48:05.532
97,0.0,0.5115,25.4,1.5,0.0,23.9,18.8,17.7,0.151,0.0378,0.0,0.0,11:48:05.757
98,0.0,0.4602,23.9,1.5,0.0501,23.9,19.1,17.7,0.3398,0.0755,0.0,0.0,11:48:05.984
99,0.0,0.4382,24.0,1.5,0.0867,23.9,19.1,17.7,0.0378,0.0755,0.0,0.0,11:48:06.211
100,0.0,0.459,24.0,1.5,0.0,25.3,18.8,17.7,0.3398,0.0378,0.0,0.0,11:48:06.436
101,0.0,0.4761,24.0,1.5,0.0049,23.9,19.3,17.9,0.2643,0.0755,0.0,0.0,11:48:06.661
102,0.0,0.4675,25.4,1.5,0.0,23.9,19.5,17.9,0.3021,0.1133,0.0,0.0,11:48:06.886
103,0.0,0.4151,23.9,1.5,0.1355,23.9,19.1,17.9,0.2266,0.151,0.0,0.0,11:48:07.111
104,0.0,0.4834,24.0,1.5,0.0562,23.9,19.1,17.9,0.3776,0.0378,0.0,0.0,11:48:07.373
105,0.0,0.4651,23.9,1.5,0.0,23.9,19.3,17.9,0.2643,0.0378,0.0,0.0,11:48:07.606
106,0.0,0.5115,24.0,1.5,0.0,25.3,19.1,17.9,0.1133,0.0755,0.0,0.0,11:48:07.834
107,0.0,0.4541,23.9,1.5,0.0403,23.9,19.1,17.5,0.4531,0.0378,0.0,0.0,11:48:08.072
108,0.0,0.47,25.4,1.5,0.0244,23.9,19.3,17.5,0.2643,0.0755,0.0,0.0,11:48:08.308
109,0.0,0.5249,23.9,1.5,0.0,25.3,19.1,18.2,0.3021,0.0755,0.0,0.0,11:48:08.537
110,0.0,0.4382,23.9,1.5,0.0,23.9,19.8,17.9,0.1133,0.151,0.0,0.0,11:48:08.762
111,0.0,0.4724,24.0,1.5,0.0,25.3,19.1,18.2,0.3021,0.0755,0.0,0.0,11:48:08.986
112,0.0,0.4505,24.0,1.5,0.0,23.9,19.1,17.9,0.2266,0.1133,0.0,0.0,11:48:09.212
113,0.0,0.4297,24.0,1.5,0.0,23.9,19.3,17.9,0.2643,0.151,0.0,0.0,11:48:09.472
114,0.0,0.4102,23.9,1.5,0.0,23.9,18.8,17.7,0.3398,0.1133,0.0,0.0,11:48:09.738
115,0.0,0.3967,24.0,1.5,0.0,23.9,19.1,17.9,0.2643,0.151,0.0,0.0,11:48:09.982
116,0.0,0.4431,24.0,1.5,0.0,25.3,19.1,17.7,0.3398,0.0755,0.0,0.0,11:48:10.208
117,0.0,0.4151,24.0,1.5,0.0,23.9,19.3,18.2,0.4531,0.0378,0.0,0.0,11:48:10.437
118,0.0,0.4175,25.4,1.5,0.1172,23.8,19.1,18.2,0.3021,0.0378,0.0,0.0,11:48:10.665
119,0.0,0.4407,24.0,1.5,0.0549,23.9,19.3,17.9,0.3021,0.0378,0.0,0.0,11:48:10.890
120,0.0,0.4822,24.0,1.5,0.0,23.9,19.5,17.5,0.3398,0.0378,0.0,0.0,11:48:11.128
121,0.0,0.4578,24.0,1.5,0.0,25.3,18.8,17.9,0.3021,0.0378,0.0,0.0,11:48:11.356
122,0.0,0.4688,23.9,1.5,0.0,23.9,18.8,17.7,0.1888,0.0378,0.0,0.0,11:48:11.582
123,0.0,0.4688,25.4,1.5,0.0,23.9,19.3,17.9,0.2643,0.0755,0.0,0.0,11:48:11.808
124,0.0,0.4456,24.0,1.5,0.011,23.9,19.5,18.2,0.1888,0.0755,0.0,0.0,11:48:12.036
125,0.0,0.4199,23.9,1.5,0.0073,23.9,19.5,17.9,0.1888,0.0755,0.0,0.0,11:48:12.266
126,0.0,0.4785,23.9,1.5,0.0464,23.9,19.1,17.7,0.3021,0.1888,0.0,0.0,11:48:12.525
127,0.0,0.4297,23.9,1.5,0.0,23.9,19.1,17.9,0.2643,0.1888,0.0,0.0,11:48:12.761
128,0.0,0.4639,25.4,1.5,0.0,23.9,18.8,17.9,0.3021,0.0755,0.0,0.0,11:48:13.024
129,0.0,0.4773,24.0,1.5,0.0586,25.3,19.3,17.5,0.3398,0.0755,0.0,0.0,11:48:13.275
130,0.0,0.4065,24.0,1.5,0.0,23.8,19.3,17.9,0.1888,0.0755,0.0,0.0,11:48:13.503
131,0.0,0.4151,25.4,1.5,0.0,23.9,19.3,17.9,0.3398,0.0378,0.0,0.0,11:48:13.736
132,0.0,0.4822,25.4,1.5,0.0,23.9,19.3,18.2,0.3776,0.0755,0.0,0.0,11:48:13.984
133,0.0,0.4834,24.0,1.5,0.0012,23.8,19.1,17.9,0.1888,0.1133,0.0,0.0,11:48:14.241
134,0.0,0.4151,24.0,1.5,0.0,23.8,19.3,18.2,0.2266,0.1888,0.0,0.0,11:48:14.481
135,0.0,0.4529,23.9,1.5,0.0366,23.9,19.1,17.9,0.2643,0.0378,0.0,0.0,11:48:14.742
136,0.0,0.4065,24.0,1.5,0.0,23.9,19.1,17.9,0.2266,0.0755,0.0,0.0,11:48:14.997
137,0.0,0.4639,24.0,1.5,0.1697,23.9,19.1,17.7,0.2266,0.0755,0.0,0.0,11:48:15.241
138,0.0,0.5347,24.0,1.5,0.116,23.9,19.1,17.5,0.2643,0.0378,0.0,0.0,11:48:15.472
139,0.0,0.5103,24.0,1.5,0.1038,23.9,19.1,17.9,0.3021,0.0755,0.0,0.0,11:48:15.699
140,0.0,0.4224,24.0,1.5,0.022,23.8,18.6,17.5,0.1888,0.0,0.0,0.0,11:48:15.926
141,0.0,0.448,24.0,1.5,0.0098,25.3,19.1,17.5,0.3398,0.0755,0.0,0.0,11:48:16.154
142,0.0,0.531,25.4,1.5,0.0415,25.3,19.3,17.7,0.1888,0.1133,0.0,0.0,11:48:16.419
143,0.0,0.4627,24.0,1.5,0.0,23.9,19.5,17.9,0.4154,0.0378,0.0,0.0,11:48:16.674
144,0.0,0.5115,23.9,1.5,0.0244,23.9,19.1,17.7,0.1888,0.0378,0.0,0.0,11:48:16.906
145,0.0,0.3821,25.4,1.5,0.0,23.9,19.1,17.5,0.4154,0.0755,0.0,0.0,11:48:17.168
146,0.0,0.4859,23.9,1.5,0.0,23.9,19.1,17.9,0.2266,0.0755,0.0,0.0,11:48:17.394
147,0.0,0.4761,24.0,1.5,0.0,23.9,19.3,17.9,0.1888,0.0755,0.0,0.0,11:48:17.622
148,0.0,0.4761,24.0,1.5,0.011,25.3,19.3,17.9,0.4531,0.0755,0.0,0.0,11:48:17.848
149,0.0,0.5054,25.4,1.5,0.0,25.3,18.8,17.9,0.3021,0.0755,0.0,0.0,11:48:18.087
150,0.0,0.4407,25.4,1.5,0.0,25.3,19.5,17.9,0.3021,0.0755,0.0,0.0,11:48:18.356
151,0.0,0.4505,25.4,1.5,0.0,25.3,19.1,17.7,0.151,0.0755,0.0,0.0,11:48:18.625
152,0.0,0.4639,25.4,1.5,0.0244,25.3,19.3,17.9,0.4154,0.151,0.0,0.0,11:48:18.889
153,0.0,0.4578,25.4,1.5,0.0,23.9,19.1,17.9,0.2266,0.0755,0.0,0.0,11:48:19.152
154,0.0,0.5164,25.4,1.5,0.0,25.3,19.1,17.9,0.4531,0.1133,0.0,0.0,11:48:19.420
155,0.0,0.4761,25.4,1.5,0.0,25.3,18.8,17.9,0.4154,0.0,0.0,0.0,11:48:19.684
156,0.0,0.4627,25.4,1.5,0.0,23.8,19.1,17.9,0.3398,0.0378,0.0,0.0,11:48:19.948
157,0.0,0.492,25.4,1.5,0.0391,25.3,19.1,17.9,0.3776,0.0755,0.0,0.0,11:48:20.214
158,0.0,0.47,25.4,1.5,0.0,23.9,19.5,17.9,0.3398,0.151,0.0,0.0,11:48:20.479
159,0.0,0.4761,25.4,1.5,0.0,23.9,19.1,18.2,0.3398,0.1888,0.0,0.0,11:48:20.743
160,0.0,0.4077,25.4,1.5,0.0439,23.9,19.1,17.7,0.2643,0.0755,0.0,0.0,11:48:21.006
161,0.0,0.4114,25.4,1.5,0.0,23.9,19.1,17.7,0.2643,0.0755,0.0,0.0,11:48:21.269
162,0.0,0.3504,25.4,1.5,0.0,23.9,19.3,17.9,0.3021,0.0755,0.0,0.0,11:48:21.533
163,0.0,0.3455,25.4,1.5,0.0049,23.8,19.3,17.7,0.2643,0.0378,0.0,0.0,11:48:21.797
164,0.0,0.3735,25.4,1.5,0.0354,23.8,19.5,17.9,0.3776,0.0378,0.0,0.0,11:48:22.062
165,0.0,0.492,25.4,1.5,0.0,23.9,19.1,17.9,0.1133,0.151,0.0,0.0,11:48:22.327
166,0.0,0.492,24.0,1.5,0.0671,23.9,18.6,17.9,0.3398,0.0755,0.0,0.0,11:48:22.593
167,0.0,0.481,24.0,1.5,0.0671,23.8,19.1,17.9,0.151,0.0378,0.0,0.0,11:48:22.855
168,0.0,0.4834,24.0,1.5,0.0146,23.9,19.1,17.9,0.3398,0.1133,0.0,0.0,11:48:23.124
169,0.0,0.5127,24.0,1.5,0.0,23.8,19.5,17.3,0.1888,0.0755,0.0,0.0,11:48:23.389
170,0.0,0.4932,25.4,1.5,0.0049,23.9,19.5,17.9,0.3398,0.0755,0.0,0.0,11:48:23.654
171,0.0,0.459,25.4,1.5,0.0464,23.9,19.3,17.9,0.3398,0.0378,0.0,0.0,11:48:23.905
172,0.0,0.4505,24.0,1.5,0.0098,23.8,18.8,18.2,0.2643,0.151,0.0,0.0,11:48:24.171
173,0.0,0.4627,25.4,1.5,0.0439,23.8,19.1,17.9,0.1888,0.151,0.0,0.0,11:48:24.435
174,0.0,0.4639,24.0,1.5,0.0,23.8,19.1,17.9,0.4909,0.0755,0.0,0.0,11:48:24.673
175,0.0,0.4431,24.0,1.5,0.0,23.8,19.5,17.5,0.2643,0.0755,0.0,0.0,11:48:24.899
176,0.0,0.3967,25.4,1.5,0.0,25.3,19.3,17.5,0.151,0.1133,0.0,0.0,11:48:25.139
177,0.0,0.4175,24.0,1.5,0.0488,25.3,19.1,17.9,0.2266,0.1133,0.0,0.0,11:48:25.380
178,0.0,0.459,24.0,1.5,0.0049,23.9,19.1,17.9,0.2643,0.0,0.0,0.0,11:48:25.619
179,0.0,0.4358,25.4,1.5,0.0,23.9,19.1,17.7,0.4531,0.151,0.0,0.0,11:48:25.849
180,0.0,0.4968,23.9,1.5,0.0,23.9,19.1,17.5,0.2266,0.0755,0.0,0.0,11:48:26.075
181,0.0,0.3723,24.0,1.5,0.1221,23.9,19.1,17.9,0.3021,0.0755,0.0,0.0,11:48:26.326
182,0.0,0.4443,24.0,1.5,0.0,23.9,18.6,17.9,0.3398,0.1888,0.0,0.0,11:48:26.576
183,0.0,0.4688,25.4,1.5,0.0,23.9,19.1,17.5,0.1133,0.0,0.0,0.0,11:48:26.827
184,0.0,0.4492,25.4,1.5,0.0,25.3,18.8,17.9,0.2643,0.1888,0.0,0.0,11:48:27.062
185,0.0,0.4627,24.0,1.5,0.0049,23.9,19.1,17.9,0.3021,0.0755,0.0,0.0,11:48:27.308
186,0.0,0.4212,25.4,1.5,0.1135,23.9,19.1,17.5,0.2266,0.0755,0.0,0.0,11:48:27.536
187,0.0,0.4028,25.4,1.5,0.0,23.8,19.5,17.9,0.2643,0.0755,0.0,0.0,11:48:27.761
188,0.0,0.4334,25.4,1.5,0.0,23.9,19.5,17.9,0.3021,0.0,0.0,0.0,11:48:28.021
189,0.0,0.4627,25.4,1.5,0.1343,23.8,19.1,17.5,0.3398,0.0378,0.0,0.0,11:48:28.291
190,0.0,0.4407,25.4,1.5,0.0,23.9,18.8,17.9,0.3776,0.1133,0.0,0.0,11:48:28.557
191,0.0,0.4358,25.4,1.5,0.0403,25.3,19.3,17.9,0.3398,0.0378,0.0,0.0,11:48:28.817
192,0.0,0.4553,25.4,1.5,0.0,25.3,19.1,17.7,0.2643,0.2266,0.0,0.0,11:48:29.072
193,0.0,0.426,24.0,1.5,0.0,23.9,19.1,18.2,0.4154,0.1133,0.0,0.0,11:48:29.324
194,0.0,0.4541,25.4,1.5,0.0,23.8,19.3,17.7,0.3398,0.0755,0.0,0.0,11:48:29.555
195,0.0,0.5017,25.4,1.5,0.0549,25.3,19.1,17.9,0.0755,0.1888,0.0,0.0,11:48:29.785
196,0.0,0.3821,24.0,1.5,0.0,23.9,19.3,17.7,0.4154,0.0378,0.0,0.0,11:48:30.015
197,0.0,0.4529,25.4,1.5,0.0,23.9,19.1,17.7,0.2266,0.0755,0.0,0.0,11:48:30.241
198,0.0,0.4822,24.0,1.5,0.0488,23.9,19.1,17.7,0.2643,0.0755,0.0,0.0,11:48:30.468
199,0.0,0.4859,24.0,1.5,0.0647,23.9,19.5,17.7,0.1888,0.0755,0.0,0.0,11:48:30.695
200,0.0,0.4785,24.0,1.5,0.1746,23.8,19.1,17.9,0.4909,0.0378,0.0,0.0,11:48:30.962
201,0.0,0.5078,24.0,1.5,0.0171,23.9,19.1,17.5,0.4531,0.0755,0.0,0.0,11:48:31.230
202,0.0,0.4785,24.0,1.5,0.0,23.9,19.3,17.9,0.1888,0.0755,0.0,0.0,11:48:31.494
203,0.0,0.5152,24.0,1.5,0.0073,23.9,19.1,17.9,0.3398,0.1133,0.0,0.0,11:48:31.760
204,0.0,0.4773,24.0,1.5,0.0,23.9,19.3,17.7,0.2643,0.1133,0.0,0.0,11:48:32.025
205,0.0,0.4529,24.0,1.5,0.1123,23.8,18.8,17.9,0.3398,0.1133,0.0,0.0,11:48:32.290
206,0.0,0.4175,24.0,1.5,0.0,23.9,19.5,17.9,0.3021,0.0755,0.0,0.0,11:48:32.555
207,0.0,0.5017,24.0,1.5,0.0,23.9,19.1,17.9,0.2643,0.0378,0.0,0.0,11:48:32.820
208,0.0,0.5127,24.0,1.5,0.1123,23.9,19.1,18.2,0.2643,0.151,0.0,0.0,11:48:33.080
209,0.0,0.4541,24.0,1.5,0.0,23.9,19.1,17.9,0.3398,0.0378,0.0,0.0,11:48:33.346
210,0.0,0.4199,24.0,1.5,0.0,23.9,19.3,18.2,0.3021,0.0378,0.0,0.0,11:48:33.614
211,0.0,0.4688,24.0,1.5,0.0842,23.9,19.1,17.9,0.3021,0.1133,0.0,0.0,11:48:33.876
212,0.0,0.3955,25.4,1.5,0.0,23.9,19.5,17.9,0.2266,0.0378,0.0,0.0,11:48:34.107
213,0.0,0.3491,25.4,1.5,0.0256,25.3,19.1,17.9,0.3398,0.151,0.0,0.0,11:48:34.341
214,0.0,0.4114,25.4,1.5,0.0549,25.3,19.1,17.7,0.3021,0.0755,0.0,0.0,11:48:34.605
215,0.0,0.5066,25.4,1.5,0.0,23.9,19.3,17.7,0.3398,0.0755,0.0,0.0,11:48:34.867
216,0.0,0.4761,25.4,1.5,0.0366,25.3,18.8,17.9,0.2643,0.0755,0.0,0.0,11:48:35.135
217,0.0,0.4529,25.4,1.5,0.094,23.9,19.3,17.9,0.4154,0.151,0.0,0.0,11:48:35.402
218,0.0,0.5066,25.4,1.5,0.0269,25.3,19.1,17.9,0.2643,0.0378,0.0,0.0,11:48:35.667
219,0.0,0.4968,24.0,1.5,0.0244,23.9,19.1,17.9,0.1888,0.0378,0.0,0.0,11:48:35.900
220,0.0,0.4505,25.4,1.5,0.0061,23.8,19.5,18.2,0.2643,0.0755,0.0,0.0,11:48:36.131
221,0.0,0.4883,24.0,1.5,0.0,25.3,19.1,17.9,0.151,0.0755,0.0,0.0,11:48:36.365
222,0.0,0.5408,24.0,1.5,0.0,23.9,19.3,18.2,0.1888,0.0378,0.0,0.0,11:48:36.601
223,0.0,0.4541,25.4,1.5,0.0,23.9,19.1,17.5,0.2266,0.151,0.0,0.0,11:48:36.831
224,0.0,0.4602,25.4,1.5,0.0195,25.3,19.1,17.9,0.3021,0.0755,0.0,0.0,11:48:37.065
225,0.0,0.4639,24.0,1.5,0.0488,23.8,19.1,17.9,0.2266,0.0755,0.0,0.0,11:48:37.307
226,0.0,0.5066,24.0,1.5,0.0,23.8,19.1,17.5,0.151,0.0755,0.0,0.0,11:48:37.538
227,0.0,0.4883,25.4,1.5,0.0159,23.9,19.5,17.9,0.3021,0.0755,0.0,0.0,11:48:37.776
228,0.0,0.5017,24.0,1.5,0.0,23.8,19.3,17.9,0.3021,0.0755,0.0,0.0,11:48:38.042
229,0.0,0.4151,24.0,1.5,0.061,23.8,19.1,17.5,0.3776,0.0755,0.0,0.0,11:48:38.308
230,0.0,0.4883,24.0,1.5,0.0317,23.8,19.1,17.7,0.4154,0.0755,0.0,0.0,11:48:38.576
231,0.0,0.4932,24.0,1.5,0.0501,23.9,19.1,18.2,0.3776,0.0,0.0,0.0,11:48:38.837
232,0.0,0.398,24.0,1.5,0.0867,23.9,19.5,17.5,0.4531,0.1133,0.0,0.0,11:48:39.103
233,0.0,0.4004,24.0,1.5,0.144,23.8,19.3,18.2,0.2643,0.0378,0.0,0.0,11:48:39.370
234,0.0,0.481,24.0,1.5,0.0,23.9,19.1,17.7,0.3398,0.0755,0.0,0.0,11:48:39.637
235,0.0,0.4578,24.0,1.5,0.0122,23.8,19.5,17.5,0.1888,0.0755,0.0,0.0,11:48:39.902
236,0.0,0.4785,24.0,1.5,0.1502,23.8,19.3,17.7,0.3021,0.0755,0.0,0.0,11:48:40.170
237,0.0,0.3601,24.0,1.5,0.0,23.8,19.1,17.5,0.2266,0.0378,0.0,0.0,11:48:40.439
238,0.0,0.4541,24.0,1.5,0.0,23.9,19.5,17.7,0.2266,0.1133,0.0,0.0,11:48:40.707
239,0.0,0.3955,24.0,1.5,0.0,23.9,19.1,17.9,0.3021,0.151,0.0,0.0,11:48:40.974
240,0.0,0.5078,24.0,1.5,0.0,23.9,19.1,17.7,0.3021,0.0755,0.0,0.0,11:48:41.241
241,0.0,0.4492,24.0,1.5,0.1184,23.9,19.1,17.9,0.3021,0.0378,0.0,0.0,11:48:41.510
242,0.0,0.6214,24.0,1.5,0.0891,23.9,19.3,17.7,0.2266,0.1133,0.0,0.0,11:48:41.777
243,0.0,0.3272,24.0,1.5,0.0,23.9,19.1,17.9,0.2643,0.0755,0.0,0.0,11:48:42.043
244,0.0,0.5774,24.0,1.5,0.0244,25.3,19.1,17.9,0.3398,0.1888,0.0,0.0,11:48:42.310
245,0.0,0.459,24.0,1.5,0.0549,23.8,19.5,17.9,0.2643,0.0378,0.0,0.0,11:48:42.576
246,0.0,0.3735,25.4,1.5,0.0,25.3,19.1,17.9,0.3776,0.0378,0.0,0.0,11:48:42.844
247,0.0,0.47,25.4,1.5,0.0122,25.3,19.5,17.9,0.2266,0.0378,0.0,0.0,11:48:43.111
248,0.0,0.5066,25.4,1.5,0.0867,25.3,19.1,17.7,0.3776,0.0378,0.0,0.0,11:48:43.379
249,0.0,0.459,25.4,1.5,0.0244,23.8,19.1,17.9,0.3398,0.1133,0.0,0.0,11:48:43.647
250,0.0,0.4883,24.0,1.5,0.011,23.9,19.3,17.5,0.3398,0.151,0.0,0.0,11:48:43.920
251,0.0,0.5347,25.4,1.5,0.0488,25.3,18.8,17.9,0.1888,0.0755,0.0,0.0,11:48:44.183
252,0.0,0.3809,24.0,1.5,0.022,23.8,19.5,17.9,0.2266,0.0378,0.0,0.0,11:48:44.421
253,0.0,0.4822,24.0,1.5,0.0305,23.9,19.1,17.9,0.3021,0.0755,0.0,0.0,11:48:44.655
254,0.0,0.4065,25.4,1.5,0.0,25.3,19.3,17.9,0.0378,0.0755,0.0,0.0,11:48:44.888
255,0.0,0.459,24.0,1.5,0.0244,23.9,19.3,17.9,0.4909,0.0378,0.0,0.0,11:48:45.119
256,0.0,0.4724,25.4,1.5,0.0,23.9,19.1,17.9,0.3021,0.151,0.0,0.0,11:48:45.354
257,0.0,0.4578,25.4,1.5,0.0842,25.3,18.8,17.9,0.2643,0.0378,0.0,0.0,11:48:45.587
258,0.0,0.4395,24.0,1.5,0.0391,23.8,19.1,17.9,0.3021,0.0378,0.0,0.0,11:48:45.822
259,0.0,0.4675,24.0,1.5,0.0171,23.9,19.1,17.7,0.2266,0.2643,0.0,0.0,11:48:46.060
260,0.0,0.4505,24.0,1.5,0.094,25.3,19.1,17.7,0.1888,0.0755,0.0,0.0,11:48:46.294
261,0.0,0.4334,24.0,1.5,0.0,23.8,19.1,18.2,0.3398,0.0755,0.0,0.0,11:48:46.528
262,0.0,0.4773,24.0,1.5,0.0635,23.8,19.1,17.7,0.2266,0.0378,0.0,0.0,11:48:46.758
263,0.0,0.5213,24.0,1.5,0.0,25.3,19.1,17.9,0.2266,0.151,0.0,0.0,11:48:46.990
264,0.0,0.564,24.0,1.5,0.0696,23.8,19.1,17.9,0.3776,0.0378,0.0,0.0,11:48:47.220
265,0.0,0.4907,25.5,1.5,0.0,23.9,19.5,17.9,0.3021,0.1888,0.0,0.0,11:48:47.451
266,0.0,0.4248,24.0,1.5,0.0842,23.9,19.3,17.7,0.3776,0.0378,0.0,0.0,11:48:47.682
267,0.0,0.5554,24.0,1.5,0.0293,23.8,19.1,17.9,0.3398,0.0,0.0,0.0,11:48:47.918
268,0.0,0.4834,25.4,1.5,0.0208,23.8,19.1,17.5,0.4909,0.1133,0.0,0.0,11:48:48.149
269,0.0,0.4724,24.0,1.5,0.0,23.9,18.6,17.3,0.3398,0.0755,0.0,0.0,11:48:48.382
270,0.0,0.4529,24.0,1.5,0.0891,23.8,18.6,17.9,0.3398,0.1133,0.0,0.0,11:48:48.612
271,0.0,0.4553,25.4,1.5,0.0098,25.3,19.1,18.2,0.151,0.0755,0.0,0.0,11:48:48.844
272,0.0,0.492,24.0,1.5,0.0024,23.9,19.1,18.2,0.3776,0.0755,0.0,0.0,11:48:49.075
273,0.0,0.4541,24.0,1.5,0.0122,23.8,19.1,17.9,0.3021,0.0755,0.0,0.0,11:48:49.314
274,0.0,0.4736,25.4,1.5,0.0464,23.9,19.1,17.9,0.4154,0.0378,0.0,0.0,11:48:49.548
275,0.0,0.4431,24.0,1.5,0.0,23.8,18.8,17.7,0.151,0.0378,0.0,0.0,11:48:49.782
276,0.0,0.4907,24.0,1.5,0.0073,23.8,18.8,17.9,0.2266,0.1133,0.0,0.0,11:48:50.013
277,0.0,0.4773,25.4,1.5,0.0159,25.3,19.1,17.9,0.4154,0.0755,0.0,0.0,11:48:50.247
278,0.0,0.5005,24.0,1.5,0.1367,23.9,19.1,18.2,0.4909,0.0755,0.0,0.0,11:48:50.481
279,0.0,0.448,24.0,1.5,0.0,23.9,19.5,18.2,0.1888,0.0378,0.0,0.0,11:48:50.714
280,0.0,0.5506,24.0,1.5,0.0,25.3,18.8,17.9,0.2266,0.151,0.0,0.0,11:48:50.945
281,0.0,0.4199,24.0,1.5,0.0342,23.8,19.5,18.4,0.3398,0.151,0.0,0.0,11:48:51.178
282,0.0,0.4822,24.0,1.5,0.0098,23.8,19.1,17.9,0.2643,0.1133,0.0,0.0,11:48:51.408
283,0.0,0.4358,24.0,1.5,0.0,25.3,19.1,17.9,0.4531,0.0755,0.0,0.0,11:48:51.637
284,0.0,0.4773,24.0,1.5,0.0,23.8,19.5,17.9,0.3398,0.151,0.0,0.0,11:48:51.866
285,0.0,0.4639,24.0,1.5,0.0,23.9,19.1,17.9,0.3398,0.0755,0.0,0.0,11:48:52.114
286,0.0,0.4297,25.4,1.5,0.0,25.3,19.5,17.5,0.3021,0.0755,0.0,0.0,11:48:52.353
287,0.0,0.4529,24.0,1.5,0.1941,23.8,19.3,17.7,0.2266,0.0378,0.0,0.0,11:48:52.583
288,0.0,0.4407,24.0,1.5,0.0,23.9,18.8,18.2,0.4531,0.1888,0.0,0.0,11:48:52.819
289,0.0,0.5286,25.4,1.5,0.0,25.3,19.1,18.2,0.4154,0.0755,0.0,0.0,11:48:53.053
290,0.0,0.4602,25.4,1.5,0.0,25.3,19.5,17.9,0.4154,0.0755,0.0,0.0,11:48:53.296
291,0.0,0.481,25.4,1.5,0.0256,23.8,18.6,17.9,0.2266,0.0755,0.0,0.0,11:48:53.564
292,0.0,0.4505,24.0,1.5,0.0,23.8,19.3,18.4,0.3398,0.0755,0.0,0.0,11:48:53.834
293,0.0,0.4431,24.0,1.5,0.022,23.9,19.1,17.7,0.4531,0.0755,0.0,0.0,11:48:54.109
294,0.0,0.4736,24.0,1.5,0.0,23.8,19.3,17.9,0.3021,0.0755,0.0,0.0,11:48:54.378
295,0.0,0.564,24.0,1.5,0.0024,23.8,19.1,17.7,0.2266,0.0755,0.0,0.0,11:48:54.647
296,0.0,0.4859,24.0,1.5,0.0,25.3,19.1,17.5,0.151,0.1133,0.0,0.0,11:48:54.892
297,0.0,0.4907,24.0,1.5,0.1355,23.9,19.1,17.5,0.3776,0.1133,0.0,0.0,11:48:55.122
298,0.0,0.4834,25.4,1.5,0.0317,23.9,19.3,17.9,0.4531,0.0,0.0,0.0,11:48:55.356
299,0.0,0.4859,24.0,1.5,0.0,25.3,19.1,18.2,0.2266,0.151,0.0,0.0,11:48:55.586
300,0.0,0.4639,24.0,1.5,0.011,23.9,18.8,17.7,0.3398,0.0378,0.0,0.0,11:48:55.823
301,0.0,0.3919,24.0,1.5,0.0244,23.8,19.3,18.4,0.3021,0.0755,0.0,0.0,11:48:56.088
302,0.0,0.4834,25.4,1.5,0.0,25.3,19.3,17.5,0.2643,0.1133,0.0,0.0,11:48:56.364
303,0.0,0.531,25.4,1.5,0.0464,25.3,19.1,17.9,0.3776,0.0755,0.0,0.0,11:48:56.634
304,0.0,0.4016,25.4,1.5,0.1111,25.3,19.1,17.9,0.1888,0.0755,0.0,0.0,11:48:56.902
305,0.0,0.4456,25.4,1.5,0.0293,23.9,19.1,17.5,0.3398,0.0755,0.0,0.0,11:48:57.170
306,0.0,0.4456,25.4,1.5,0.0,25.3,18.8,17.5,0.2266,0.1133,0.0,0.0,11:48:57.448
307,0.0,0.3772,25.4,1.5,0.0012,25.3,19.1,17.9,0.3776,0.0378,0.0,0.0,11:48:57.688
308,0.0,0.4529,24.0,1.5,0.0024,23.9,19.1,17.9,0.4154,0.0755,0.0,0.0,11:48:57.942
309,0.0,0.459,24.0,1.5,0.0269,23.8,19.1,17.9,0.3021,0.0378,0.0,0.0,11:48:58.174
310,0.0,0.4761,25.4,1.5,0.0049,25.3,19.3,18.2,0.1888,0.0755,0.0,0.0,11:48:58.411
311,0.0,0.5213,24.0,1.5,0.0586,23.8,19.1,18.4,0.2643,0.0378,0.0,0.0,11:48:58.643
312,0.0,0.4932,24.0,1.5,0.0342,23.8,19.1,17.9,0.3776,0.0755,0.0,0.0,11:48:58.883
313,0.0,0.4688,24.0,1.5,0.0354,23.8,19.3,17.5,0.3021,0.0378,0.0,0.0,11:48:59.153
314,0.0,0.481,24.0,1.5,0.0,23.8,18.8,18.2,0.2643,0.1133,0.0,0.0,11:48:59.424
315,0.0,0.5359,24.0,1.5,0.1685,25.3,19.5,17.9,0.3776,0.151,0.0,0.0,11:48:59.696
316,0.0,0.4578,25.4,1.5,0.0,25.3,19.1,18.2,0.3398,0.0755,0.0,0.0,11:48:59.967
317,0.0,0.4932,25.4,1.5,0.0061,25.3,19.1,18.2,0.2266,0.0,0.0,0.0,11:49:00.234
318,0.0,0.448,25.4,1.5,0.0146,23.8,19.5,17.9,0.3021,0.1133,0.0,0.0,11:49:00.506
319,0.0,0.4859,24.0,1.5,0.1453,23.8,19.1,17.9,0.2643,0.0378,0.0,0.0,11:49:00.782
320,0.0,0.4688,24.0,1.5,0.1306,23.9,19.3,17.9,0.2643,0.1133,0.0,0.0,11:49:01.051
321,0.0,0.4578,24.0,1.5,0.0305,23.9,19.8,18.2,0.3398,0.0755,0.0,0.0,11:49:01.323
322,0.0,0.5286,24.0,1.5,0.0,23.8,19.3,18.2,0.3021,0.1133,0.0,0.0,11:49:01.599
323,0.0,0.4785,24.0,1.5,0.0,23.8,19.1,17.7,0.3021,0.0378,0.0,0.0,11:49:01.864
324,0.0,0.4968,24.0,1.5,0.0146,23.8,18.8,17.7,0.3776,0.1133,0.0,0.0,11:49:02.135
325,0.0,0.5054,24.0,1.5,0.0,23.8,19.5,17.9,0.2266,0.0755,0.0,0.0,11:49:02.407
326,0.0,0.603,24.0,1.5,0.0598,23.8,19.1,17.9,0.1133,0.151,0.0,0.0,11:49:02.683
327,0.0,0.4456,25.4,1.5,0.0,25.3,19.5,17.9,0.4154,0.0755,0.0,0.0,11:49:02.958
328,0.0,0.4859,25.4,1.5,0.1074,23.9,19.5,17.9,0.4154,0.0755,0.0,0.0,11:49:03.230
329,0.0,0.426,24.0,1.5,0.0342,23.8,19.3,17.9,0.1888,0.0755,0.0,0.0,11:49:03.498
330,0.0,0.5298,25.4,1.5,0.1013,23.8,19.5,17.5,0.2643,0.1133,0.0,0.0,11:49:03.771
331,0.0,0.4675,24.0,1.5,0.0,25.3,19.1,18.4,0.0755,0.1133,0.0,0.0,11:49:04.017
332,0.0,0.4736,24.0,1.5,0.116,23.9,19.1,18.2,0.3021,0.1133,0.0,0.0,11:49:04.271
333,0.0,0.5127,24.0,1.5,0.0,23.8,19.1,17.9,0.2266,0.0755,0.0,0.0,11:49:04.505
334,0.0,0.4639,25.5,1.5,0.0537,23.8,19.3,18.2,0.1888,0.0755,0.0,0.0,11:49:04.741
335,0.0,0.3723,24.0,1.5,0.0,25.3,19.1,17.9,0.4531,0.0755,0.0,0.0,11:49:04.979
336,0.0,0.4212,24.0,1.5,0.0501,23.8,19.1,18.2,0.3776,0.0755,0.0,0.0,11:49:05.224
337,0.0,0.4724,24.0,1.5,0.0,23.8,19.5,17.3,0.4531,0.0,0.0,0.0,11:49:05.468
338,0.0,0.3919,25.4,1.5,0.0684,23.8,19.1,17.7,0.3021,0.0755,0.0,0.0,11:49:05.713
339,0.0,0.4736,24.0,1.5,0.0879,23.9,19.3,17.7,0.4154,0.0378,0.0,0.0,11:49:05.945
340,0.0,0.47,24.0,1.5,0.0012,23.8,19.5,17.9,0.1888,0.151,0.0,0.0,11:49:06.178
341,0.0,0.4859,25.5,1.5,0.0171,23.8,19.5,17.9,0.3398,0.0755,0.0,0.0,11:49:06.417
342,0.0,0.4675,24.0,1.5,0.0159,23.9,19.1,17.5,0.3776,0.0378,0.0,0.0,11:49:06.649
343,0.0,0.5029,24.0,1.5,0.0,23.9,19.1,17.7,0.3021,0.0755,0.0,0.0,11:49:06.883
344,0.0,0.5017,24.0,1.5,0.0354,23.8,19.1,17.5,0.3776,0.151,0.0,0.0,11:49:07.121
345,0.0,0.4651,24.0,1.5,0.0488,23.9,19.1,17.9,0.3021,0.0755,0.0,0.0,11:49:07.379
346,0.0,0.4773,24.0,1.5,0.0,23.9,19.3,17.3,0.3398,0.0755,0.0,0.0,11:49:07.644
347,0.0,0.4981,25.5,1.5,0.0012,23.9,19.3,18.2,0.3021,0.151,0.0,0.0,11:49:07.912
348,0.0,0.47,24.0,1.5,0.1013,25.3,19.3,17.9,0.3398,0.1888,0.0,0.0,11:49:08.147
349,0.0,0.5127,24.0,1.5,0.1172,23.8,19.8,17.7,0.1888,0.0755,0.0,0.0,11:49:08.382
350,0.0,0.4761,24.0,1.5,0.0,23.8,19.5,17.5,0.3776,0.0378,0.0,0.0,11:49:08.628
351,0.0,0.4724,24.0,1.5,0.0,23.8,19.5,18.2,0.3021,0.1133,0.0,0.0,11:49:08.877
352,0.0,0.4785,25.4,1.5,0.0,23.8,19.3,17.9,0.2643,0.1133,0.0,0.0,11:49:09.134
353,0.0,0.4675,25.5,1.5,0.0098,23.8,19.5,17.9,0.3021,0.0755,0.0,0.0,11:49:09.391
354,0.0,0.4492,25.5,1.5,0.0171,25.3,19.3,17.9,0.3398,0.1133,0.0,0.0,11:49:09.650
355,0.0,0.4651,24.0,1.5,0.0,23.8,19.1,18.2,0.3021,0.0755,0.0,0.0,11:49:09.896
356,0.0,0.4578,24.0,1.5,0.0391,23.8,19.5,17.9,0.3021,0.1133,0.0,0.0,11:49:10.133
357,0.0,0.3833,25.5,1.5,0.0073,23.9,19.1,17.7,0.3776,0.1133,0.0,0.0,11:49:10.368
358,0.0,0.4431,24.0,1.5,0.0317,23.8,19.1,17.5,0.4909,0.1133,0.0,0.0,11:49:10.602
359,0.0,0.4553,24.0,1.5,0.0,23.8,18.6,18.2,0.2643,0.0,0.0,0.0,11:49:10.835
360,0.0,0.459,25.5,1.5,0.0024,23.9,19.5,17.9,0.1888,0.0378,0.0,0.0,11:49:11.068
361,0.0,0.4859,24.0,1.5,0.0146,23.8,19.3,17.9,0.2643,0.0378,0.0,0.0,11:49:11.302
362,0.0,0.4773,24.0,1.5,0.0,23.9,19.3,17.5,0.2266,0.151,0.0,0.0,11:49:11.537
363,0.0,0.5432,25.5,1.5,0.0513,23.8,19.1,17.9,0.2266,0.0378,0.0,0.0,11:49:11.770
364,0.0,0.47,24.0,1.5,0.0256,23.8,19.3,17.7,0.1888,0.0755,0.0,0.0,11:49:12.006
365,0.0,0.4163,24.0,1.5,0.0,23.8,19.1,17.9,0.3021,0.0755,0.0,0.0,11:49:12.244
366,0.0,0.4956,24.0,1.5,0.0208,23.9,19.5,18.2,0.151,0.0755,0.0,0.0,11:49:12.484
367,0.0,0.52,24.0,1.5,0.0,23.8,19.1,17.5,0.2643,0.0378,0.0,0.0,11:49:12.755
368,0.0,0.5127,25.5,1.5,0.0,23.9,19.3,17.9,0.2643,0.0378,0.0,0.0,11:49:13.000
369,0.0,0.564,24.0,1.5,0.0,23.9,18.8,17.5,0.3776,0.0755,0.0,0.0,11:49:13.235
370,0.0,0.4346,24.0,1.5,0.0,23.8,19.1,17.7,0.3021,0.0755,0.0,0.0,11:49:13.470
371,0.0,0.4761,25.5,1.5,0.1563,23.9,19.3,17.7,0.3398,0.151,0.0,0.0,11:49:13.704
372,0.0,0.5481,24.0,1.5,0.1221,23.8,19.1,17.5,0.2643,0.0755,0.0,0.0,11:49:13.953
373,0.0,0.4773,25.5,1.5,0.0,23.9,19.5,18.2,0.3776,0.0755,0.0,0.0,11:49:14.230
374,0.0,0.4456,24.0,1.5,0.0,25.3,19.1,17.9,0.1888,0.0,0.0,0.0,11:49:14.478
375,0.0,0.5176,24.0,1.5,0.0171,25.3,18.8,17.9,0.2643,0.1133,0.0,0.0,11:49:14.719
376,0.0,0.4346,25.5,3.0,0.2087,25.3,19.1,17.9,0.3398,0.1888,0.0,0.0,11:49:14.991
377,0.0,0.5335,24.0,3.0,0.0842,23.9,19.3,17.9,0.1888,0.1133,0.0,0.0,11:49:15.254
378,0.0,0.6958,24.0,3.0,0.0,23.9,19.5,17.9,0.2643,0.151,0.0,0.0,11:49:15.493
379,0.0,0.6458,24.0,3.0,0.011,25.3,19.1,17.9,0.4154,0.1133,0.0,0.0,11:49:15.767
380,0.0,0.7007,25.5,3.0,0.0415,25.3,19.1,17.5,0.3776,0.1133,0.0,0.0,11:49:16.041
381,0.0,0.6775,25.5,3.0,0.0,23.8,19.1,17.9,0.2266,0.1133,0.0,0.0,11:49:16.316
382,0.0,0.6238,24.0,3.0,0.0146,25.3,19.5,18.2,0.2266,0.0378,0.0,0.0,11:49:16.587
383,0.0,0.7007,24.0,3.0,0.0,23.8,19.1,17.5,0.1133,0.0755,0.0,0.0,11:49:16.823
384,0.0,0.7105,24.0,3.0,0.0586,23.9,19.5,17.9,0.4531,0.0378,0.0,0.0,11:49:17.061
385,0.0,0.6397,24.0,3.0,0.0,23.8,18.8,17.7,0.3021,0.1133,0.0,0.0,11:49:17.325
386,0.0,0.7312,24.1,3.0,0.0,23.8,19.1,17.9,0.2643,0.1133,0.0,0.0,11:49:17.601
387,0.0,0.7349,24.0,3.0,0.0,23.8,19.3,17.9,0.4154,0.2266,0.0,0.0,11:49:17.873
388,0.0,0.5872,24.0,3.0,0.1367,25.3,19.1,18.2,0.1133,0.0755,0.0,0.0,11:49:18.146
389,0.0,0.6738,25.5,3.0,0.0635,25.3,19.1,17.9,0.2643,0.0755,0.0,0.0,11:49:18.419
390,0.0,0.5713,25.5,3.0,0.0513,25.3,19.5,17.9,0.5664,0.4909,0.0,0.0,11:49:18.696
391,0.0,0.7007,24.0,3.0,0.0293,23.9,19.5,17.9,0.3398,0.2643,0.0,0.0,11:49:18.934
392,0.0,0.697,24.0,3.0,0.011,23.8,19.1,17.9,0.2643,0.3398,0.0,0.0,11:49:19.174
393,0.0,0.7166,24.0,3.0,0.0269,23.9,19.1,18.2,0.3776,0.1888,0.0,0.0,11:49:19.437
394,0.0,0.7398,24.0,3.0,0.0122,23.8,19.1,17.9,0.3021,0.2266,0.0,0.0,11:49:19.712
395,0.0,0.7532,24.0,3.0,0.0269,25.3,19.3,18.2,0.3776,0.1133,0.0,0.0,11:49:19.985
396,0.0,0.7202,25.5,3.0,0.0,25.3,19.1,18.2,0.2266,0.0378,0.0,0.0,11:49:20.259
397,0.0,0.7312,25.5,3.0,0.0,25.3,19.5,17.9,0.2643,0.0755,0.0,0.0,11:49:20.533
398,0.0,0.6665,24.0,3.0,0.0073,23.9,19.5,17.9,0.2266,0.0755,0.0,0.0,11:49:20.785
399,0.0,0.7141,24.0,3.0,0.0,23.8,18.8,17.9,0.3776,0.0755,0.0,0.0,11:49:21.025
400,0.0,0.6543,24.0,3.0,0.0,23.8,19.1,17.7,0.1888,0.0378,0.0,0.0,11:49:21.273
401,0.0,0.6787,25.5,3.0,0.0,23.9,18.8,17.9,0.1133,0.1133,0.0,0.0,11:49:21.517
402,0.0,0.6397,25.5,3.0,0.0024,25.3,19.1,17.7,0.3021,0.0378,0.0,0.0,11:49:21.767
403,0.0,0.603,25.5,3.0,0.0977,23.9,19.1,17.5,0.3398,0.0378,0.0,0.0,11:49:22.038
404,0.0,0.7263,24.1,3.0,0.0964,23.8,19.5,17.7,0.3398,0.1133,0.0,0.0,11:49:22.313
405,0.0,0.6787,24.0,3.0,0.0,23.8,19.1,18.4,0.3021,0.2643,0.0,0.0,11:49:22.589
406,0.0,0.7837,24.0,3.0,0.0244,23.8,19.3,17.0,0.3021,0.0755,0.0,0.0,11:49:22.859
407,0.0,0.6482,24.1,3.0,0.1135,23.9,19.1,18.2,0.3021,0.0378,0.0,0.0,11:49:23.138
408,0.0,0.7202,24.1,3.0,0.0305,23.9,19.3,17.9,0.3021,0.0378,0.0,0.0,11:49:23.423
409,0.0,0.7886,24.0,3.0,0.022,23.8,19.5,17.9,0.2643,0.0378,0.0,0.0,11:49:23.668
410,0.0,0.697,25.5,3.0,0.0049,23.9,19.1,17.7,0.3021,0.151,0.0,0.0,11:49:23.904
411,0.0,0.7495,24.1,3.0,0.1538,25.3,19.5,17.9,0.3021,0.0755,0.0,0.0,11:49:24.140
412,0.0,0.6909,24.0,3.0,0.0488,23.8,19.1,18.2,0.1888,0.0378,0.0,0.0,11:49:24.375
413,0.0,0.5933,24.1,3.0,0.0403,23.8,19.5,17.9,0.3021,0.0755,0.0,0.0,11:49:24.611
414,0.0,0.6128,25.5,3.0,0.0415,25.3,19.5,17.9,0.151,0.0755,0.0,0.0,11:49:24.849
415,0.0,0.6665,24.1,3.0,0.0598,23.9,19.3,17.9,0.3021,0.0755,0.0,0.0,11:49:25.090
416,0.0,0.7239,24.0,3.0,0.061,23.9,19.1,17.7,0.3398,0.0378,0.0,0.0,11:49:25.327
417,0.0,0.7056,24.0,3.0,0.0,23.8,19.5,18.2,0.2643,0.0,0.0,0.0,11:49:25.570
418,0.0,0.6555,25.5,3.0,0.0,23.8,19.5,17.5,0.1888,0.0378,0.0,0.0,11:49:25.819
419,0.0,0.7239,25.5,3.0,0.0,23.9,19.1,17.9,0.2266,0.0378,0.0,0.0,11:49:26.075
420,0.0,0.658,24.1,3.0,0.0391,23.8,19.3,17.9,0.151,0.151,0.0,0.0,11:49:26.345
421,0.0,0.741,24.1,3.0,0.0,23.8,19.3,18.4,0.3398,0.0,0.0,0.0,11:49:26.611
422,0.0,0.6482,25.5,3.0,0.0964,23.8,19.1,17.9,0.3776,0.0378,0.0,0.0,11:49:26.874
423,0.0,0.636,25.5,3.0,0.144,23.9,19.1,17.9,0.1133,0.1133,0.0,0.0,11:49:27.144
424,0.0,0.6629,24.1,3.0,0.0391,25.3,19.5,17.9,0.1888,0.0378,0.0,0.0,11:49:27.386
425,0.0,0.6397,24.0,3.0,0.1831,23.8,19.1,17.7,0.151,0.1133,0.0,0.0,11:49:27.626
426,0.0,0.6433,24.1,3.0,0.072,23.9,19.1,17.9,0.3776,0.0378,0.0,0.0,11:49:27.859
427,0.0,0.6433,24.0,3.0,0.0012,25.3,19.1,17.9,0.2266,0.0,0.0,0.0,11:49:28.094
428,0.0,0.6714,24.1,3.0,0.022,23.8,19.3,17.9,0.151,0.0378,0.0,0.0,11:49:28.330
429,0.0,0.6763,24.0,3.0,0.0452,23.8,19.1,17.9,0.151,0.0755,0.0,0.0,11:49:28.568
430,0.0,0.7483,25.5,3.0,0.1135,23.9,19.1,17.9,0.151,0.0755,0.0,0.0,11:49:28.807
431,0.0,0.7349,24.1,3.0,0.0818,23.8,19.3,17.9,0.3776,0.1133,0.0,0.0,11:49:29.043
432,0.0,0.6629,24.1,3.0,0.083,23.9,19.5,17.9,0.2266,0.1133,0.0,0.0,11:49:29.278
433,0.0,0.6824,25.5,3.0,0.1025,23.9,19.3,17.9,0.3398,0.0378,0.0,0.0,11:49:29.520
434,0.0,0.6665,24.0,3.0,0.0195,25.3,19.1,17.9,0.3021,0.0378,0.0,0.0,11:49:29.765
435,0.0,0.6384,25.5,3.0,0.0293,25.3,19.1,17.7,0.3776,0.1133,0.0,0.0,11:49:30.004
436,0.0,0.6824,24.0,3.0,0.0867,23.8,19.1,17.7,0.3021,0.0755,0.0,0.0,11:49:30.282
437,0.0,0.6128,24.1,3.0,0.0256,23.8,19.3,17.9,0.2643,0.1133,0.0,0.0,11:49:30.519
438,0.0,0.7019,24.1,3.0,0.0012,23.9,19.1,17.9,0.2643,0.1133,0.0,0.0,11:49:30.761
439,0.0,0.6336,25.5,3.0,0.0586,25.3,19.3,17.9,0.3398,0.0755,0.0,0.0,11:49:30.998
440,0.0,0.6763,24.0,3.0,0.0403,23.8,19.1,17.5,0.151,0.1133,0.0,0.0,11:49:31.236
441,0.0,0.7337,24.1,3.0,0.0,23.8,19.1,18.2,0.3021,0.0755,0.0,0.0,11:49:31.487
442,0.0,0.6592,24.0,3.0,0.0977,23.8,19.3,18.2,0.3021,0.0755,0.0,0.0,11:49:31.733
443,0.0,0.6922,25.5,3.0,0.022,23.8,19.5,17.9,0.5664,0.151,0.0,0.0,11:49:31.977
444,0.0,0.7263,25.5,3.0,0.0,23.9,19.3,17.9,0.0378,0.2643,0.0,0.0,11:49:32.228
445,0.0,0.6604,24.1,3.0,0.0403,23.8,19.3,17.9,0.1888,0.3398,0.0,0.0,11:49:32.504
446,0.0,0.6446,24.1,3.0,0.0159,23.9,19.1,17.7,0.4154,0.5286,0.0,0.0,11:49:32.777
447,0.0,0.6384,25.5,3.0,0.0,23.9,19.5,17.9,0.2266,0.4909,0.0,0.0,11:49:33.025
448,0.0,0.5261,24.0,3.0,0.0012,25.3,19.3,17.7,0.3776,0.3398,0.0,0.0,11:49:33.264
